feature_name,coefficient,abs_coefficient,sign,transformation,reference_category,feature_group,capping,rank_by_abs
sub_grade_G1,1.6614107922969756,1.6614107922969756,+,one_hot,A1,credit_grade,,1
sub_grade_G5,1.6400327886834818,1.6400327886834818,+,one_hot,A1,credit_grade,,2
sub_grade_G4,1.5899868842801876,1.5899868842801876,+,one_hot,A1,credit_grade,,3
sub_grade_F4,1.570258050248249,1.570258050248249,+,one_hot,A1,credit_grade,,4
sub_grade_G3,1.562575911328647,1.562575911328647,+,one_hot,A1,credit_grade,,5
sub_grade_F5,1.5534067837046277,1.5534067837046277,+,one_hot,A1,credit_grade,,6
sub_grade_F3,1.5309738669103148,1.5309738669103148,+,one_hot,A1,credit_grade,,7
sub_grade_F2,1.494373223060691,1.494373223060691,+,one_hot,A1,credit_grade,,8
sub_grade_E5,1.490933251812666,1.490933251812666,+,one_hot,A1,credit_grade,,9
sub_grade_E4,1.4683706408787929,1.4683706408787929,+,one_hot,A1,credit_grade,,10
sub_grade_E2,1.4414038570297678,1.4414038570297678,+,one_hot,A1,credit_grade,,11
sub_grade_G2,1.4354418103640068,1.4354418103640068,+,one_hot,A1,credit_grade,,12
sub_grade_F1,1.4253008598475925,1.4253008598475925,+,one_hot,A1,credit_grade,,13
sub_grade_E3,1.411249846695161,1.411249846695161,+,one_hot,A1,credit_grade,,14
sub_grade_E1,1.4018167410171474,1.4018167410171474,+,one_hot,A1,credit_grade,,15
sub_grade_D5,1.321490526327408,1.321490526327408,+,one_hot,A1,credit_grade,,16
sub_grade_D4,1.3203829105069735,1.3203829105069735,+,one_hot,A1,credit_grade,,17
sub_grade_D2,1.2816977993950027,1.2816977993950027,+,one_hot,A1,credit_grade,,18
sub_grade_D3,1.254484221282151,1.254484221282151,+,one_hot,A1,credit_grade,,19
sub_grade_D1,1.216696546046078,1.216696546046078,+,one_hot,A1,credit_grade,,20
sub_grade_C5,1.1584933343479333,1.1584933343479333,+,one_hot,A1,credit_grade,,21
sub_grade_C4,1.1308910280147026,1.1308910280147026,+,one_hot,A1,credit_grade,,22
sub_grade_C3,1.0939593427736898,1.0939593427736898,+,one_hot,A1,credit_grade,,23
sub_grade_C2,1.0076422878822988,1.0076422878822988,+,one_hot,A1,credit_grade,,24
sub_grade_C1,0.9507707702902328,0.9507707702902328,+,one_hot,A1,credit_grade,,25
addr_state_NE,0.8994139742011346,0.8994139742011346,+,one_hot,CA,geographic,,26
sub_grade_B5,0.8994067529720676,0.8994067529720676,+,one_hot,A1,credit_grade,,27
sub_grade_B4,0.8102611618833866,0.8102611618833866,+,one_hot,A1,credit_grade,,28
term,0.798486212300179,0.798486212300179,+,binary,,loan_terms,,29
sub_grade_B3,0.7339319755934489,0.7339319755934489,+,one_hot,A1,credit_grade,,30
purpose_small_business,0.6881596090751838,0.6881596090751838,+,one_hot,debt_consolidation,loan_purpose,,31
sub_grade_B2,0.6681691628688625,0.6681691628688625,+,one_hot,A1,credit_grade,,32
sub_grade_B1,0.6005395451730972,0.6005395451730972,+,one_hot,A1,credit_grade,,33
sub_grade_A5,0.511321780986286,0.511321780986286,+,one_hot,A1,credit_grade,,34
addr_state_DC,-0.47642837758148615,0.47642837758148615,-,one_hot,CA,geographic,,35
addr_state_WY,-0.40323167137115873,0.40323167137115873,-,one_hot,CA,geographic,,36
home_ownership_OTHER,0.3897865134152873,0.3897865134152873,+,one_hot,MORTGAGE,housing,,37
addr_state_WV,-0.3867534362762124,0.3867534362762124,-,one_hot,CA,geographic,,38
sub_grade_A4,0.3571181570999042,0.3571181570999042,+,one_hot,A1,credit_grade,,39
emp_length_missing,0.34727636273117507,0.34727636273117507,+,binary_indicator,,missingness_indicator,,40
addr_state_NH,-0.3442294010524491,0.3442294010524491,-,one_hot,CA,geographic,,41
addr_state_VT,-0.3221769555750634,0.3221769555750634,-,one_hot,CA,geographic,,42
addr_state_MS,0.2989016197759119,0.2989016197759119,+,one_hot,CA,geographic,,43
addr_state_CO,-0.2508725772949471,0.2508725772949471,-,one_hot,CA,geographic,,44
addr_state_KS,-0.2434644298063522,0.2434644298063522,-,one_hot,CA,geographic,,45
purpose_educational,0.24067793978110816,0.24067793978110816,+,one_hot,debt_consolidation,loan_purpose,,46
purpose_medical,0.2394356957828645,0.2394356957828645,+,one_hot,debt_consolidation,loan_purpose,,47
addr_state_SC,-0.23758609085024923,0.23758609085024923,-,one_hot,CA,geographic,,48
purpose_moving,0.2313015433988405,0.2313015433988405,+,one_hot,debt_consolidation,loan_purpose,,49
annual_inc,-0.22354659352224734,0.22354659352224734,-,log1p_scaled,,borrower_profile,99.5th pctl ($300K),50
addr_state_MT,-0.21638676700363535,0.21638676700363535,-,one_hot,CA,geographic,,51
purpose_wedding,-0.20170203835193448,0.20170203835193448,-,one_hot,debt_consolidation,loan_purpose,,52
addr_state_OR,-0.19757864825023916,0.19757864825023916,-,one_hot,CA,geographic,,53
purpose_renewable_energy,0.18893325733750482,0.18893325733750482,+,one_hot,debt_consolidation,loan_purpose,,54
tot_cur_bal,0.18710258606777896,0.18710258606777896,+,log1p_scaled,,credit_bureau,,55
addr_state_NV,0.18058775849539074,0.18058775849539074,+,one_hot,CA,geographic,,56
has_prior_delinq,-0.17298939161367138,0.17298939161367138,-,binary_indicator,,missingness_indicator,,57
addr_state_WA,-0.1712638984767942,0.1712638984767942,-,one_hot,CA,geographic,,58
sub_grade_A3,0.16583381395923294,0.16583381395923294,+,one_hot,A1,credit_grade,,59
has_public_record_history,0.16051488244563344,0.16051488244563344,+,binary_indicator,,missingness_indicator,,60
installment,0.1600810480295086,0.1600810480295086,+,scaled,,loan_terms,,61
addr_state_AK,-0.15718218601915632,0.15718218601915632,-,one_hot,CA,geographic,,62
addr_state_NM,0.1549397462936779,0.1549397462936779,+,one_hot,CA,geographic,,63
num_rev_tl_bal_gt_0,0.1474774508254884,0.1474774508254884,+,scaled,,credit_bureau,,64
addr_state_ME,-0.1469462036484573,0.1469462036484573,-,one_hot,CA,geographic,,65
addr_state_OK,0.14547594370543462,0.14547594370543462,+,one_hot,CA,geographic,,66
home_ownership_RENT,0.14439255756445551,0.14439255756445551,+,one_hot,MORTGAGE,housing,,67
purpose_vacation,0.1437675833532344,0.1437675833532344,+,one_hot,debt_consolidation,loan_purpose,,68
acc_open_past_24mths,0.13520154438883486,0.13520154438883486,+,scaled,,credit_bureau,,69
addr_state_AL,0.13496907001847366,0.13496907001847366,+,one_hot,CA,geographic,,70
sub_grade_A2,0.13345971439035437,0.13345971439035437,+,one_hot,A1,credit_grade,,71
tot_hi_cred_lim,-0.12862520849108192,0.12862520849108192,-,log1p_scaled,,credit_bureau,,72
addr_state_NJ,0.12199592353161433,0.12199592353161433,+,one_hot,CA,geographic,,73
addr_state_TN,0.12180967238961814,0.12180967238961814,+,one_hot,CA,geographic,,74
purpose_other,0.1200361824563472,0.1200361824563472,+,one_hot,debt_consolidation,loan_purpose,,75
dti,0.11923970180328038,0.11923970180328038,+,scaled,,borrower_profile,99.5th pctl (36.27),76
addr_state_ID,-0.11913048040211686,0.11913048040211686,-,one_hot,CA,geographic,,77
purpose_car,-0.11835532766495374,0.11835532766495374,-,one_hot,debt_consolidation,loan_purpose,,78
verification_status_Verified,-0.11667911850084177,0.11667911850084177,-,one_hot,Source Verified,verification,,79
addr_state_IA,0.1153347373032408,0.1153347373032408,+,one_hot,CA,geographic,,80
fico_score,-0.1147806478991699,0.1147806478991699,-,scaled,,derived,,81
addr_state_AR,0.10582029468992525,0.10582029468992525,+,one_hot,CA,geographic,,82
addr_state_IL,-0.10478940980046782,0.10478940980046782,-,one_hot,CA,geographic,,83
bc_util,-0.10431906328706361,0.10431906328706361,-,scaled,,credit_bureau,hard cap (100%),84
bc_open_to_buy,-0.1006422799854335,0.1006422799854335,-,log1p_scaled,,credit_bureau,,85
addr_state_NY,0.09659196248269296,0.09659196248269296,+,one_hot,CA,geographic,,86
addr_state_FL,0.09581551135049636,0.09581551135049636,+,one_hot,CA,geographic,,87
purpose_credit_card,-0.09549715448851988,0.09549715448851988,-,one_hot,debt_consolidation,loan_purpose,,88
addr_state_CT,-0.0948781422542097,0.0948781422542097,-,one_hot,CA,geographic,,89
inq_last_6mths,0.09266660999112804,0.09266660999112804,+,scaled,,credit_bureau,,90
addr_state_WI,-0.09041698095639114,0.09041698095639114,-,one_hot,CA,geographic,,91
mo_sin_old_rev_tl_op,-0.09029475482094425,0.09029475482094425,-,scaled,,credit_bureau,,92
mths_since_last_delinq,-0.08949679868907147,0.08949679868907147,-,scaled,,credit_bureau,,93
int_rate,-0.089336017070953,0.089336017070953,-,scaled,,loan_terms,,94
avg_cur_bal,-0.08907315196111255,0.08907315196111255,-,log1p_scaled,,credit_bureau,,95
addr_state_MO,0.08797277356961165,0.08797277356961165,+,one_hot,CA,geographic,,96
num_actv_rev_tl,-0.0874166829428669,0.0874166829428669,-,scaled,,credit_bureau,,97
num_rev_accts,-0.0873625585405028,0.0873625585405028,-,scaled,,credit_bureau,,98
addr_state_LA,0.08480903478307612,0.08480903478307612,+,one_hot,CA,geographic,,99
credit_history_months,0.0825368010048683,0.0825368010048683,+,scaled,,derived,,100
addr_state_GA,-0.08070845591828808,0.08070845591828808,-,one_hot,CA,geographic,,101
addr_state_TX,-0.0741472419433069,0.0741472419433069,-,one_hot,CA,geographic,,102
addr_state_MD,0.0688933991402173,0.0688933991402173,+,one_hot,CA,geographic,,103
purpose_house,0.06808353421901044,0.06808353421901044,+,one_hot,debt_consolidation,loan_purpose,,104
revol_util,0.06799159708443879,0.06799159708443879,+,scaled,,credit_bureau,hard cap (100%),105
has_revol_delinq,-0.06762371423117204,0.06762371423117204,-,binary_indicator,,missingness_indicator,,106
num_bc_tl,0.06611447106085926,0.06611447106085926,+,scaled,,credit_bureau,,107
pct_tl_nvr_dlq,0.06505512134326637,0.06505512134326637,+,scaled,,credit_bureau,,108
addr_state_UT,-0.06390241251273969,0.06390241251273969,-,one_hot,CA,geographic,,109
addr_state_VA,0.06094233882391887,0.06094233882391887,+,one_hot,CA,geographic,,110
mths_since_recent_bc,-0.05646156145978278,0.05646156145978278,-,scaled,,credit_bureau,,111
percent_bc_gt_75,0.05533235288997165,0.05533235288997165,+,scaled,,credit_bureau,,112
addr_state_DE,0.0548133528771004,0.0548133528771004,+,one_hot,CA,geographic,,113
verification_status_Not Verified,-0.05430840871646881,0.05430840871646881,-,one_hot,Source Verified,verification,,114
addr_state_HI,-0.05183387426314599,0.05183387426314599,-,one_hot,CA,geographic,,115
delinq_2yrs,0.04883387040784959,0.04883387040784959,+,scaled,,credit_bureau,,116
revol_bal,-0.04793523815431226,0.04793523815431226,-,log1p_scaled,,credit_bureau,,117
total_bc_limit,-0.046765709632092936,0.046765709632092936,-,log1p_scaled,,credit_bureau,,118
num_il_tl,-0.04335516517169156,0.04335516517169156,-,scaled,,credit_bureau,,119
has_bc_delinq,-0.04321600206170868,0.04321600206170868,-,binary_indicator,,missingness_indicator,,120
num_tl_op_past_12m,0.04223006365887843,0.04223006365887843,+,scaled,,credit_bureau,,121
purpose_home_improvement,0.040266395516671945,0.040266395516671945,+,one_hot,debt_consolidation,loan_purpose,,122
has_major_derog,0.03898684874006016,0.03898684874006016,+,binary_indicator,,missingness_indicator,,123
mort_acc,-0.03856903184473906,0.03856903184473906,-,scaled,,credit_bureau,,124
mths_since_last_record,0.03743863403798132,0.03743863403798132,+,scaled,,credit_bureau,,125
pub_rec_bankruptcies,-0.036555983305725175,0.036555983305725175,-,scaled,,credit_bureau,,126
mths_since_recent_bc_dlq,-0.03539335819149777,0.03539335819149777,-,scaled,,credit_bureau,,127
loan_amnt,0.03359291558840162,0.03359291558840162,+,scaled,,loan_terms,,128
addr_state_MA,0.03333160864438109,0.03333160864438109,+,one_hot,CA,geographic,,129
total_acc,-0.03252685811450176,0.03252685811450176,-,scaled,,credit_bureau,,130
addr_state_OH,-0.03085202903367105,0.03085202903367105,-,one_hot,CA,geographic,,131
addr_state_IN,0.02983655689021317,0.02983655689021317,+,one_hot,CA,geographic,,132
addr_state_MN,0.02694443673919712,0.02694443673919712,+,one_hot,CA,geographic,,133
home_ownership_OWN,0.026858669202486075,0.026858669202486075,+,one_hot,MORTGAGE,housing,,134
num_bc_sats,0.02507183851524751,0.02507183851524751,+,scaled,,credit_bureau,,135
addr_state_RI,-0.02446939973119496,0.02446939973119496,-,one_hot,CA,geographic,,136
total_bal_ex_mort,-0.022845387903437153,0.022845387903437153,-,log1p_scaled,,credit_bureau,,137
mths_since_recent_revol_delinq,-0.020456475806281082,0.020456475806281082,-,scaled,,credit_bureau,,138
mo_sin_rcnt_tl,-0.01839748633550969,0.01839748633550969,-,scaled,,credit_bureau,,139
initial_list_status,-0.014626344420787526,0.014626344420787526,-,binary,,loan_terms,,140
purpose_major_purchase,-0.014489154675981077,0.014489154675981077,-,one_hot,debt_consolidation,loan_purpose,,141
num_accts_ever_120_pd,0.012013874564704846,0.012013874564704846,+,scaled,,credit_bureau,,142
chargeoff_within_12_mths,-0.011428499445350165,0.011428499445350165,-,scaled,,credit_bureau,,143
num_actv_bc_tl,-0.011170953428113754,0.011170953428113754,-,scaled,,credit_bureau,,144
addr_state_AZ,0.010465125710816599,0.010465125710816599,+,one_hot,CA,geographic,,145
num_tl_30dpd,0.009984381649533011,0.009984381649533011,+,scaled,,credit_bureau,,146
tot_coll_amt,0.009394687594830585,0.009394687594830585,+,log1p_scaled,,credit_bureau,,147
total_rev_hi_lim,0.009150158846794005,0.009150158846794005,+,log1p_scaled,,credit_bureau,,148
mths_since_last_major_derog,-0.008876108181160632,0.008876108181160632,-,scaled,,credit_bureau,,149
num_tl_90g_dpd_24m,-0.008002420885279157,0.008002420885279157,-,scaled,,credit_bureau,,150
pub_rec,0.007264048828617245,0.007264048828617245,+,scaled,,credit_bureau,,151
tax_liens,-0.007086089208032275,0.007086089208032275,-,scaled,,credit_bureau,,152
mo_sin_old_il_acct,0.005721243343695157,0.005721243343695157,+,scaled,,credit_bureau,,153
addr_state_KY,-0.005373181627051808,0.005373181627051808,-,one_hot,CA,geographic,,154
acc_now_delinq,-0.005322363036843804,0.005322363036843804,-,scaled,,credit_bureau,,155
collections_12_mths_ex_med,0.005290021958384517,0.005290021958384517,+,scaled,,credit_bureau,,156
addr_state_SD,0.005019584189031346,0.005019584189031346,+,one_hot,CA,geographic,,157
num_tl_120dpd_2m,-0.004077474753373126,0.004077474753373126,-,scaled,,credit_bureau,,158
addr_state_PA,0.00372537551919882,0.00372537551919882,+,one_hot,CA,geographic,,159
addr_state_MI,0.003647750176978298,0.003647750176978298,+,one_hot,CA,geographic,,160
addr_state_NC,0.0034894621475573015,0.0034894621475573015,+,one_hot,CA,geographic,,161
mths_since_recent_inq,-0.003222633309926001,0.003222633309926001,-,scaled,,credit_bureau,,162
open_acc,-0.002911557256889934,0.002911557256889934,-,scaled,,credit_bureau,,163
delinq_amnt,-0.0022801928924915628,0.0022801928924915628,-,scaled,,credit_bureau,,164
total_il_high_credit_limit,-0.0020952427390274315,0.0020952427390274315,-,log1p_scaled,,credit_bureau,,165
emp_length,-0.0005753745642877081,0.0005753745642877081,-,ordinal,,borrower_profile,,166
addr_state_ND,0.0,0.0,+,one_hot,CA,geographic,,167
application_type,0.0,0.0,+,binary,,borrower_profile,,168
