feature_name,gain_importance,weight_importance,zero_importance,transformation,feature_group,gain_rank,weight_rank,rank_discrepancy,gain_importance_normalized
sub_grade,1077.338623046875,214.0,False,ordinal,credit_grade,1,11,10,0.17297237986393568
term,568.6812744140625,77.0,False,binary,loan_terms,2,40,38,0.09130476835710395
int_rate,217.87750244140625,355.0,False,raw,loan_terms,3,2,1,0.03498137847273739
emp_length_missing,118.2607421875,41.0,False,binary_indicator,missingness_indicator,4,50,46,0.018987383894949413
acc_open_past_24mths,104.88017272949219,188.0,False,raw,credit_bureau,5,18,13,0.01683906312228405
annual_inc,101.5925064086914,368.0,False,log1p_raw,borrower_profile,6,1,5,0.016311211010104947
purpose_small_business,99.82950592041016,45.0,False,one_hot,loan_purpose,7,49,42,0.016028152013021147
home_ownership_RENT,77.08540344238281,45.0,False,one_hot,housing,8,48,40,0.012376466786729531
loan_amnt,58.62828063964844,294.0,False,raw,loan_terms,9,4,5,0.009413078685409255
avg_cur_bal,57.92741012573242,209.0,False,log1p_raw,credit_bureau,10,13,3,0.009300550239686543
dti,57.67709732055664,312.0,False,raw,borrower_profile,11,3,8,0.009260361202836437
mort_acc,56.57183074951172,117.0,False,raw,credit_bureau,12,31,19,0.00908290484409474
inq_last_6mths,56.169368743896484,99.0,False,raw,credit_bureau,13,33,20,0.00901828745321424
addr_state_CO,54.79756546020508,21.0,False,one_hot,geographic,14,60,46,0.008798037223983445
fico_score,53.93437957763672,194.0,False,raw,derived,15,14,1,0.008659448192476769
addr_state_NY,50.64647674560547,19.0,False,one_hot,geographic,16,63,47,0.008131558107176194
addr_state_SC,50.42366409301758,12.0,False,one_hot,geographic,17,71,54,0.008095784364401684
addr_state_FL,47.1710319519043,16.0,False,one_hot,geographic,18,65,47,0.007573557173957948
num_rev_tl_bal_gt_0,46.7412223815918,88.0,False,raw,credit_bureau,19,37,18,0.007504548987789898
mths_since_recent_bc,44.20639419555664,216.0,False,raw,credit_bureau,20,10,10,0.007097568996072283
addr_state_NJ,43.356258392333984,22.0,False,one_hot,geographic,21,58,37,0.006961075223413245
addr_state_KS,43.35024642944336,11.0,False,one_hot,geographic,22,76,54,0.006960109971164231
purpose_credit_card,43.118778228759766,24.0,False,one_hot,loan_purpose,23,57,34,0.006922946534637811
total_bc_limit,42.3101921081543,210.0,False,log1p_raw,credit_bureau,24,12,12,0.0067931237819637055
addr_state_WV,41.95285415649414,11.0,False,one_hot,geographic,25,77,52,0.006735751295178117
addr_state_DC,41.90103530883789,9.0,False,one_hot,geographic,26,82,56,0.006727431506757686
addr_state_NV,40.67050552368164,15.0,False,one_hot,geographic,27,66,39,0.006529863480439304
initial_list_status,40.59542465209961,24.0,False,binary,loan_terms,28,56,28,0.006517808851781257
emp_length,39.18260192871094,141.0,False,ordinal,borrower_profile,29,25,4,0.006290972735853988
installment,39.09269714355469,267.0,False,raw,loan_terms,30,5,25,0.006276538049937268
mo_sin_old_rev_tl_op,38.894622802734375,251.0,False,raw,credit_bureau,31,7,24,0.00624473617317472
purpose_wedding,38.67662048339844,9.0,False,one_hot,loan_purpose,32,81,49,0.006209734754693361
num_actv_rev_tl,38.503990173339844,56.0,False,raw,credit_bureau,33,47,14,0.006182018050837488
delinq_2yrs,38.00434112548828,40.0,False,raw,credit_bureau,34,51,17,0.006101796769380772
tot_hi_cred_lim,37.96888732910156,129.0,False,log1p_raw,credit_bureau,35,28,7,0.006096104475978278
pub_rec_bankruptcies,37.7928466796875,29.0,False,raw,credit_bureau,36,53,17,0.006067840224209576
addr_state_WA,37.787235260009766,17.0,False,one_hot,geographic,37,64,27,0.0060669392812791835
addr_state_NH,37.4716796875,15.0,False,one_hot,geographic,38,68,30,0.006016275175130298
num_tl_op_past_12m,37.44388961791992,79.0,False,raw,credit_bureau,39,39,0,0.006011813333357416
num_actv_bc_tl,37.43759536743164,64.0,False,raw,credit_bureau,40,45,5,0.006010802758350517
addr_state_IL,37.01508712768555,15.0,False,one_hot,geographic,41,67,26,0.00594296683919047
addr_state_OR,36.87749481201172,21.0,False,one_hot,geographic,42,62,20,0.005920875669539666
addr_state_AZ,36.71788787841797,2.0,False,one_hot,geographic,43,117,74,0.0058952499372435215
has_major_derog,35.866920471191406,1.0,False,binary_indicator,missingness_indicator,44,124,80,0.005758622646189633
purpose_vacation,34.464054107666016,7.0,False,one_hot,loan_purpose,45,93,48,0.005533385076182367
bc_open_to_buy,34.29194259643555,178.0,False,log1p_raw,credit_bureau,46,20,26,0.005505751668205851
addr_state_AL,33.91570281982422,10.0,False,one_hot,geographic,47,79,32,0.00544534439405106
revol_bal,33.86542892456055,237.0,False,log1p_raw,credit_bureau,48,9,39,0.005437272655859596
percent_bc_gt_75,33.8166389465332,100.0,False,raw,credit_bureau,49,32,17,0.005429439168381878
verification_status_Verified,33.585182189941406,39.0,False,one_hot,verification,50,52,2,0.005392277569264561
purpose_renewable_energy,33.4251708984375,3.0,False,one_hot,loan_purpose,51,114,63,0.0053665869151800945
addr_state_TX,33.318721771240234,21.0,False,one_hot,geographic,52,61,9,0.005349495948169485
verification_status_Not Verified,32.944610595703125,21.0,False,one_hot,verification,53,59,6,0.005289430432107937
mo_sin_rcnt_tl,32.87284469604492,154.0,False,raw,credit_bureau,54,23,31,0.005277908039620189
mths_since_recent_inq,32.782440185546875,135.0,False,raw,credit_bureau,55,26,29,0.005263393120172618
has_public_record_history,32.531856536865234,8.0,False,binary_indicator,missingness_indicator,56,92,36,0.005223160597973731
addr_state_TN,32.190513610839844,10.0,False,one_hot,geographic,57,80,23,0.005168356196645067
mths_since_last_record,32.13656997680664,81.0,False,raw,credit_bureau,58,38,20,0.005159695262601096
addr_state_NM,32.09273147583008,6.0,False,one_hot,geographic,59,100,41,0.005152656760795472
bc_util,31.548892974853516,188.0,False,raw,credit_bureau,60,17,43,0.005065340630320627
total_acc,30.902847290039062,165.0,False,raw,credit_bureau,61,22,39,0.004961614599142851
total_il_high_credit_limit,30.72357749938965,179.0,False,log1p_raw,credit_bureau,62,19,43,0.004932831891772125
num_bc_sats,30.633853912353516,65.0,False,raw,credit_bureau,63,44,19,0.0049184262981662105
total_rev_hi_lim,30.55564308166504,189.0,False,log1p_raw,credit_bureau,64,16,48,0.004905869138118369
addr_state_MS,30.546249389648438,6.0,False,one_hot,geographic,65,99,34,0.004904360931479285
credit_history_months,30.303272247314453,263.0,False,raw,derived,66,6,60,0.004865349673864493
pct_tl_nvr_dlq,29.789785385131836,135.0,False,raw,credit_bureau,67,27,40,0.004782906658566853
addr_state_WY,29.517742156982422,8.0,False,one_hot,geographic,68,91,23,0.004739228688064143
tot_cur_bal,29.476381301879883,118.0,False,log1p_raw,credit_bureau,69,30,39,0.004732587985329416
mths_since_last_delinq,29.402118682861328,94.0,False,raw,credit_bureau,70,35,35,0.004720664731422266
purpose_medical,29.2719783782959,12.0,False,one_hot,loan_purpose,71,74,3,0.004699770021332659
num_accts_ever_120_pd,29.251384735107422,25.0,False,raw,credit_bureau,72,55,17,0.004696463603650998
num_il_tl,29.24205780029297,127.0,False,raw,credit_bureau,73,29,44,0.0046949661152316845
mths_since_recent_bc_dlq,29.199085235595703,73.0,False,raw,credit_bureau,74,43,31,0.004688066644048222
has_revol_delinq,28.980581283569336,3.0,False,binary_indicator,missingness_indicator,75,112,37,0.004652984685801161
num_bc_tl,28.85785675048828,95.0,False,raw,credit_bureau,76,34,42,0.004633280616810592
addr_state_GA,28.483909606933594,13.0,False,one_hot,geographic,77,70,7,0.004573241436946193
purpose_moving,28.213294982910156,12.0,False,one_hot,loan_purpose,78,72,6,0.004529792836346564
revol_util,28.190580368041992,239.0,False,raw,credit_bureau,79,8,71,0.0045261458855110626
addr_state_MD,28.173349380493164,8.0,False,one_hot,geographic,80,90,10,0.004523379359870965
num_rev_accts,28.173179626464844,142.0,False,raw,credit_bureau,81,24,57,0.004523352104969264
addr_state_OK,28.10298728942871,9.0,False,one_hot,geographic,82,85,3,0.0045120823562332405
total_bal_ex_mort,28.05025863647461,172.0,False,log1p_raw,credit_bureau,83,21,62,0.004503616493789085
addr_state_DE,28.019338607788086,2.0,False,one_hot,geographic,84,119,35,0.004498652120626409
purpose_other,27.992921829223633,25.0,False,one_hot,loan_purpose,85,54,31,0.00449441076794594
mths_since_last_major_derog,27.96181297302246,73.0,False,raw,credit_bureau,86,42,44,0.004489416077533057
mo_sin_old_il_acct,27.875648498535156,192.0,False,raw,credit_bureau,87,15,72,0.004475581918158315
addr_state_PA,27.759716033935547,10.0,False,one_hot,geographic,88,78,10,0.0044569683514706455
has_prior_delinq,27.75367546081543,4.0,False,binary_indicator,missingness_indicator,89,110,21,0.004455998505698873
addr_state_AR,27.740694046020508,3.0,False,one_hot,geographic,90,116,26,0.004453914271305857
home_ownership_OWN,27.60799217224121,8.0,False,one_hot,housing,91,89,2,0.004432608287811928
num_tl_90g_dpd_24m,27.274690628051758,11.0,False,raw,credit_bureau,92,75,17,0.00437909497261329
addr_state_VT,27.068683624267578,5.0,False,one_hot,geographic,93,104,11,0.0043460194651072
pub_rec,27.05014419555664,9.0,False,raw,credit_bureau,94,83,11,0.004343042862359607
tot_coll_amt,26.888744354248047,74.0,False,log1p_raw,credit_bureau,95,41,54,0.004317129269303922
addr_state_UT,26.55462074279785,6.0,False,one_hot,geographic,96,98,2,0.004263483966884685
addr_state_MI,26.517745971679688,2.0,False,one_hot,geographic,97,118,21,0.004257563528518513
addr_state_MO,26.08104133605957,6.0,False,one_hot,geographic,98,102,4,0.004187448303365634
delinq_amnt,26.05569839477539,4.0,False,raw,credit_bureau,99,111,12,0.004183379360906039
has_bc_delinq,26.035058975219727,6.0,False,binary_indicator,missingness_indicator,100,101,1,0.004180065593587963
purpose_car,25.935941696166992,12.0,False,one_hot,loan_purpose,101,73,28,0.004164151793342965
addr_state_OH,25.935344696044922,8.0,False,one_hot,geographic,102,88,14,0.004164055941834735
addr_state_IN,25.77605438232422,3.0,False,one_hot,geographic,103,113,10,0.004138481044523786
purpose_home_improvement,25.44538116455078,9.0,False,one_hot,loan_purpose,104,86,18,0.0040853897209492404
mths_since_recent_revol_delinq,25.23294448852539,59.0,False,raw,credit_bureau,105,46,59,0.00405128189576186
addr_state_NC,25.1517276763916,5.0,False,one_hot,geographic,106,105,1,0.004038242109589512
addr_state_WI,24.864103317260742,7.0,False,one_hot,geographic,107,94,13,0.003992062506592451
addr_state_VA,24.758281707763672,9.0,False,one_hot,geographic,108,84,24,0.0039750722908476815
purpose_major_purchase,24.6320858001709,4.0,False,one_hot,loan_purpose,109,109,0,0.003954810874429065
tax_liens,24.323307037353516,13.0,False,raw,credit_bureau,110,69,41,0.0039052348207042737
chargeoff_within_12_mths,23.986730575561523,7.0,False,raw,credit_bureau,111,95,16,0.0038511957002671975
addr_state_MN,23.87674331665039,5.0,False,one_hot,geographic,112,103,9,0.0038335366676087706
addr_state_CT,23.848819732666016,9.0,False,one_hot,geographic,113,87,26,0.003829053389396348
acc_now_delinq,23.64016342163086,2.0,False,raw,credit_bureau,114,122,8,0.003795552521682808
addr_state_LA,23.637317657470703,2.0,False,one_hot,geographic,115,121,6,0.0037950956192857495
num_tl_120dpd_2m,23.485107421875,4.0,False,raw,credit_bureau,116,107,9,0.0037706574657401363
open_acc,23.45501136779785,89.0,False,raw,credit_bureau,117,36,81,0.003765825386032908
addr_state_MT,23.302865982055664,7.0,False,one_hot,geographic,118,97,21,0.003741397644472214
addr_state_MA,22.521764755249023,7.0,False,one_hot,geographic,119,96,23,0.0036159877359948998
addr_state_AK,21.71831703186035,2.0,False,one_hot,geographic,120,123,3,0.003486989980008245
purpose_educational,21.313955307006836,4.0,False,one_hot,loan_purpose,121,106,15,0.0034220675792165714
addr_state_HI,21.128997802734375,1.0,False,one_hot,geographic,122,125,3,0.0033923716795214304
num_tl_30dpd,20.983312606811523,4.0,False,raw,credit_bureau,123,108,15,0.0033689811553996355
purpose_house,19.836462020874023,3.0,False,one_hot,loan_purpose,124,115,9,0.003184848264445695
collections_12_mths_ex_med,19.52899169921875,1.0,False,raw,credit_bureau,125,126,1,0.0031354822878283985
home_ownership_OTHER,17.61333465576172,2.0,False,one_hot,housing,126,120,6,0.0028279134782439523
addr_state_KY,13.958553314208984,1.0,False,one_hot,geographic,127,127,0,0.0022411191194352106
addr_state_RI,0.0,0.0,True,one_hot,geographic,128,128,0,0.0
addr_state_SD,0.0,0.0,True,one_hot,geographic,129,129,0,0.0
application_type,0.0,0.0,True,binary,borrower_profile,130,130,0,0.0
addr_state_IA,0.0,0.0,True,one_hot,geographic,131,131,0,0.0
addr_state_ME,0.0,0.0,True,one_hot,geographic,132,132,0,0.0
addr_state_ID,0.0,0.0,True,one_hot,geographic,133,133,0,0.0
addr_state_NE,0.0,0.0,True,one_hot,geographic,134,134,0,0.0
addr_state_ND,0.0,0.0,True,one_hot,geographic,135,135,0,0.0
